energy,rho,z,px,spx,py,spy,pz,spz,dtheta,sdx,dy,sdy,dz,sdz,emean,eres,
0.75,1000,1000,430.413,12.5219,417.3,12.5372,494.374,15.9299,0.791554,0.0822544,1.13952,0.232924,1.01086,0.389008,9.41167,0.261681,
0.75,1000,3000,429.865,7.60477,436.416,7.96376,516.722,8.76789,0.867469,0.0590224,1.03049,0.100514,0.734091,0.0556786,9.6899,0.143703,
0.75,1000,5000,463.954,6.73877,457.897,6.91942,458.38,6.06033,0.928289,0.0581579,0.938682,0.0594019,0.746357,0.0409714,9.76834,0.115441,
0.75,1000,7000,319.264,8.09196,323.979,8.12539,375.462,7.39788,0.908926,0.0871601,0.886279,0.0828241,0.712285,0.0575745,10.6645,0.194667,
0.75,3000,1000,353.147,31.3181,442.081,43.3101,545.824,49.5821,2.38067,3.64161,2.68693,3.56177,1.43827,1.44202,8.34268,0.624086,
0.75,3000,3000,429.123,16.2875,399.744,17.0147,502.911,22.2769,1.45707,0.712292,0.839135,0.149171,1.01179,0.283159,9.42786,0.310897,
0.75,3000,5000,475.827,13.6318,474.607,13.8523,492.238,14.5838,0.729903,0.0720336,0.928035,0.139821,0.79535,0.0920899,9.57065,0.258358,
0.75,3000,7000,332.023,18.1981,290.223,13.0354,374.889,17.1321,0.994733,0.287674,0.882065,0.184976,1.00241,0.286151,10.6226,0.448792,
0.75,5000,1000,358.132,28.4389,342.466,26.9887,761.883,100.386,5.64501,2.82891,1.05225,0.440289,1.81233,2.19201,10.7385,0.801932,
0.75,5000,3000,379.247,16.0221,397.283,14.1954,518.932,24.4559,0.913947,0.166119,1.15252,0.339931,1.12905,0.423829,9.22451,0.297827,
0.75,5000,5000,397.827,13.7918,387.614,12.6448,539.484,17.5445,0.696545,0.0680747,1.06645,0.237612,0.868201,0.163512,9.71308,0.222876,
0.75,5000,7000,333.197,17.2318,352.166,19.5429,497.349,27.4924,1.66563,1.23384,1.86667,1.52847,2.00662,1.89998,10.5165,0.447325,
0.75,7000,1000,390.84,97.9898,319.748,92.0349,5036.1,4213.89,5.5184,5.31873,3.20231,4.57682,2.73459,2.25452,11.5833,2.74501,
0.75,7000,3000,346.275,25.0025,281.721,20.6184,562.492,46.9544,1.98398,2.07502,1.55264,1.23295,1.34792,1.26263,11.323,0.626557,
0.75,7000,5000,333.84,17.7057,322.586,17.3925,584.632,34.0284,0.915474,0.224905,1.3101,0.620719,0.764386,0.221534,11.2486,0.511615,
0.75,7000,7000,276.889,33.0104,268.352,32.4471,791.485,120.462,2.15062,3.78681,2.49289,3.02714,2.82468,3.10005,10.3742,0.924284,
1.25,1000,1000,367.861,10.5211,356.28,11.4765,462.553,14.8757,0.855702,0.10072,0.835251,0.0922621,0.944666,0.27372,11.5632,0.349866,
1.25,1000,3000,373.021,5.85228,367.443,5.78821,446.518,7.08551,0.897353,0.0657291,0.930024,0.0709974,0.580625,0.0349959,11.1257,0.163717,
1.25,1000,5000,400.138,5.64451,398.013,5.6291,407.727,4.9559,0.960197,0.0651169,0.983625,0.0685057,0.715324,0.0380454,11.3066,0.140726,
1.25,1000,7000,291.624,7.06335,275.245,6.65342,319.901,7.10327,0.992707,0.111401,0.958234,0.0976453,0.700496,0.0588682,11.8725,0.24786,
1.25,3000,1000,412.951,43.6195,384.13,33.0402,461.409,39.3777,1.39465,1.02274,1.51831,1.13759,1.18305,0.983837,10.7515,0.897694,
1.25,3000,3000,376.879,14.4028,394.593,19.0327,449.695,17.9056,0.815409,0.146379,0.632296,0.0742404,1.31757,0.590572,10.3756,0.340752,
1.25,3000,5000,413.471,16.3638,418.624,12.7813,413.16,10.7413,0.898724,0.125204,1.04275,0.213812,0.754515,0.0949496,11.3558,0.305773,
1.25,3000,7000,256.334,11.4448,256.863,13.8693,326.192,14.7814,2.16141,3.57607,1.06453,0.285697,1.23351,0.508283,12.1174,0.550446,
1.25,5000,1000,327.639,24.0275,341.864,29.9319,515.672,49.3348,1.50199,1.12911,1.00063,0.342548,0.942314,0.565648,11.3063,1.00151,
1.25,5000,3000,345.66,13.2222,340.908,12.5229,375.471,17.2667,0.659287,0.0740318,2.23567,2.10897,1.45221,0.916136,10.4744,0.345834,
1.25,5000,5000,371.129,11.0274,360.177,9.78801,462.915,15.1056,0.632766,0.0548799,1.12529,0.227627,0.77831,0.0968493,11.0491,0.268664,
1.25,5000,7000,290.301,14.5042,282.827,14.5997,407.861,27.8204,0.930493,0.213057,0.943221,0.223074,1.06585,0.337316,12.2508,0.49025,
1.25,7000,1000,264.31,43.3099,377.035,72.7255,1282.66,1002.22,6.15981,5.59441,2.38201,3.28274,3.32778,3.32762,12.302,1.81669,
1.25,7000,3000,285.204,27.9133,292.435,34.587,565.476,81.9275,1.77877,3.61061,2.03986,3.72845,1.28536,1.25595,10.8931,0.951151,
1.25,7000,5000,302.442,15.8108,277.249,15.1698,565.233,36.7824,1.28369,0.588258,2.17447,3.75819,1.10664,0.54809,11.5262,0.685565,
1.25,7000,7000,286.728,27.5648,291.926,28.4729,697.813,95.0865,5.69802,3.30779,1.26862,0.856782,1.89674,2.99551,11.4583,0.872751,
1.75,1000,1000,325.248,10.2346,325.074,10.9988,445.53,14.7954,1.12325,0.252848,1.6435,0.738631,0.94404,0.250178,11.9811,0.356023,
1.75,1000,3000,348.466,5.97434,344.568,5.80742,420.026,6.85687,1.10847,0.11737,1.01589,0.0945106,0.670467,0.0463944,12.3416,0.196855,
1.75,1000,5000,370.042,5.18929,372.972,5.16746,375.591,4.60077,0.986937,0.0691845,1.01971,0.0751379,0.731571,0.0383843,12.14,0.142157,
1.75,1000,7000,253.396,6.40411,247.44,6.16816,302.166,5.96108,0.789163,0.0546509,1.03332,0.118533,0.784518,0.0694732,13.7732,0.272117,
1.75,3000,1000,316.154,21.2508,362.789,29.313,425.699,34.0244,1.86618,1.85018,5.21945,5.17296,1.39558,1.46462,10.4774,0.659529,
1.75,3000,3000,380.304,14.5793,347.222,13.2136,407.481,15.9298,0.94496,0.207483,0.819365,0.131033,0.771675,0.112778,12.2518,0.422327,
1.75,3000,5000,368.542,9.99386,360.864,10.3095,400.305,10.482,0.943861,0.16288,0.754491,0.0928771,0.803517,0.0895971,12.4898,0.315095,
1.75,3000,7000,273.286,13.7653,239.166,12.1411,317.36,12.8771,1.31305,0.695304,1.03992,0.312809,1.111,0.367561,13.1672,0.666315,
1.75,5000,1000,286.002,19.1051,287.847,21.1335,437.525,39.6933,1.57468,1.13302,2.56853,3.93768,0.758551,0.418041,11.4632,0.644621,
1.75,5000,3000,307.495,12.1566,320.062,12.2232,431.829,18.5462,0.806293,0.140627,1.09844,0.27706,0.681578,0.125359,12.3075,0.492202,
1.75,5000,5000,335.511,9.78882,343.776,11.6467,399.01,11.6149,0.705023,0.0638735,0.838602,0.112661,0.638538,0.0630226,12.7097,0.33449,
1.75,5000,7000,275.618,14.6784,266.691,13.1519,357.029,19.8772,1.37632,0.713237,1.21045,0.45745,0.791414,0.15824,13.6299,0.523685,
1.75,7000,1000,321.394,57.0395,222.03,31.6967,805.819,258.277,5.62735,5.05435,5.03342,4.40514,0.623576,0.631682,18.9103,4.44793,
1.75,7000,3000,236.175,18.5907,294.939,24.8199,558.3,55.4221,5.52706,2.91022,1.41144,0.944438,1.06451,0.817501,11.3511,0.85305,
1.75,7000,5000,247.285,13.4421,288.156,17.7448,550.44,32.4994,1.15946,0.444036,1.10118,0.392462,0.900648,0.332701,13.3845,0.818411,
1.75,7000,7000,309.094,46.0872,232.967,20.61,621.8,79.2894,1.16079,0.679429,1.66062,1.55163,4.63083,4.50397,15.8849,1.08577,
2.25,1000,1000,322.941,9.01125,321.324,9.78324,402.332,13.4053,1.05949,0.197944,0.757647,0.0801116,0.774204,0.141564,13.2034,0.372132,
2.25,1000,3000,329.36,5.19481,321.989,5.6011,392.795,6.68039,0.798802,0.0465014,0.99592,0.0849691,0.627088,0.0362214,13.5115,0.211168,
2.25,1000,5000,346.747,4.63899,345.498,4.29973,341.925,4.04553,0.891975,0.0517409,0.914247,0.0539866,0.68738,0.0348035,13.8804,0.174319,
2.25,1000,7000,245.623,5.72474,247.698,5.86169,303.695,6.07357,0.848964,0.0690525,0.993034,0.10375,0.791045,0.0838096,14.8331,0.263405,
2.25,3000,1000,350.937,26.1278,330.452,27.1669,418.38,35.9743,1.13259,0.5881,1.69394,1.55488,0.717027,0.302455,13.4782,1.01972,
2.25,3000,3000,370.95,14.0751,311.417,11.7115,386.719,14.6334,0.847855,0.167774,1.34939,0.547557,0.804225,0.161485,12.3737,0.54996,
2.25,3000,5000,369.044,11.2375,328.616,8.45944,372.299,9.21992,0.710351,0.0598336,0.953351,0.143632,0.625438,0.0510459,13.2856,0.323102,
2.25,3000,7000,212.968,10.9367,239.673,12.2461,303.609,13.5121,1.19209,0.411443,1.1584,0.420537,0.866178,0.209519,15.9147,0.742667,
2.25,5000,1000,324.528,24.1293,323.141,25.4892,417.847,39.2752,1.36311,0.921044,1.39256,0.943592,1.95558,2.44078,11.7909,0.785832,
2.25,5000,3000,296.795,10.5839,300.692,11.6261,392.474,16.6089,1.24336,0.479195,2.36056,3.82306,0.966795,0.310462,13.2452,0.485196,
2.25,5000,5000,347.056,10.2279,337.486,11.0287,382.884,10.9647,0.695991,0.0657324,0.939995,0.171588,0.689086,0.0697281,13.7212,0.415898,
2.25,5000,7000,264.684,12.347,282.36,15.8636,348.628,16.0648,1.72007,1.11968,1.0049,0.306775,2.41791,3.72747,14.4969,0.595999,
2.25,7000,1000,302.418,48.6835,311.371,100.518,714.666,201.696,1.59378,3.53256,1.43187,1.46242,3.07929,2.49394,16.4332,2.1994,
2.25,7000,3000,220.83,15.487,276.304,26.5666,534.155,50.0302,1.53424,1.27477,5.23638,3.00641,1.41049,1.29157,14.7432,0.968817,
2.25,7000,5000,270.758,12.6269,263.822,14.4105,576.517,31.2523,0.89389,0.209463,0.808991,0.180419,2.42058,3.4815,13.8777,0.584042,
2.25,7000,7000,208.7,17.821,272.945,19.9777,531.155,70.6058,5.52728,3.00106,2.61659,3.41729,1.39697,1.02564,14.4691,1.09857,
2.75,1000,1000,298.731,8.58606,298.209,8.46434,389.249,11.3423,0.713051,0.0631419,0.925614,0.131374,0.945615,0.210038,14.4224,0.366003,
2.75,1000,3000,306.782,5.59588,316.733,5.70262,367.305,6.27879,0.85208,0.056835,0.826654,0.0523679,0.557244,0.0313766,14.6497,0.231049,
2.75,1000,5000,336.526,4.44283,339.522,4.55726,333.114,3.89495,0.913013,0.0547929,0.967308,0.0631931,0.666741,0.0299402,15.045,0.195766,
2.75,1000,7000,245.658,6.08966,235.3,6.1741,285.898,5.93313,0.837437,0.0621459,0.83396,0.0608035,0.706171,0.0546446,15.4357,0.311368,
2.75,3000,1000,318.618,28.0801,275.23,19.4561,375.104,28.1831,5.59526,5.59283,1.09117,0.447749,0.713121,0.329352,14.1771,0.795993,
2.75,3000,3000,299.367,12.3001,325.65,11.5766,374.07,13.5994,0.75518,0.114754,0.990369,0.213894,1.38732,0.649034,13.2651,0.502203,
2.75,3000,5000,348.983,10.9317,340.983,9.92707,358.2,9.74229,0.855639,0.111231,1.0396,0.18289,0.954215,0.145452,15.698,0.417103,
2.75,3000,7000,235.816,13.2024,215.067,11.0243,267.928,12.3435,0.846147,0.162928,0.809267,0.157799,0.857615,0.178653,16.1425,0.749697,
2.75,5000,1000,317.386,28.3152,260.446,20.5067,300.958,31.7691,4.92078,4.04028,1.3523,0.828663,0.900121,0.684018,14.7739,1.07237,
2.75,5000,3000,287.701,11.0087,281.905,9.32532,357.072,16.5784,0.825038,0.143951,1.01655,0.243043,0.699568,0.127537,14.9439,0.516701,
2.75,5000,5000,322.633,9.15956,311.396,9.14567,376.181,11.9867,0.787151,0.0943875,1.57011,0.656245,0.770449,0.0967864,14.4858,0.376323,
2.75,5000,7000,285.183,14.6129,259.594,12.117,353.062,18.8558,1.08878,0.394803,1.10062,0.333796,1.13947,0.413934,16.0013,0.697721,
2.75,7000,1000,241.083,35.6272,281.153,39.2183,717.86,151.565,1.37324,1.20433,3.77152,3.04098,3.28293,2.40429,16.4474,2.24133,
2.75,7000,3000,269.761,16.6372,289.294,22.5796,458.208,35.406,1.32575,0.761219,0.944571,0.314299,0.926361,0.539185,15.8618,0.809619,
2.75,7000,5000,250.766,12.1559,239.899,12.2603,526.414,28.2756,1.35104,0.710675,2.35332,3.91755,0.960516,0.342288,14.8256,0.733626,
2.75,7000,7000,297.937,32.5275,249.725,26.4785,574.355,95.3344,1.64838,1.63611,1.69712,1.83988,2.06991,3.14548,14.9223,1.35898,
3.25,1000,1000,297.334,9.01191,295.076,8.89945,356.882,13.3103,1.16386,0.252501,1.18645,0.269648,0.731124,0.133949,15.748,0.468071,
3.25,1000,3000,303.556,4.99189,298.547,4.81707,366.274,6.31614,0.914091,0.0690396,0.919316,0.0710964,0.704145,0.0473637,15.6744,0.250875,
3.25,1000,5000,320.466,4.48189,326.638,4.02457,325.831,3.67659,0.824736,0.0405307,0.994764,0.0662133,0.779934,0.0473601,16.1575,0.194723,
3.25,1000,7000,225.44,5.67498,235.423,6.2069,270.626,5.97667,1.11125,0.155393,0.944419,0.095049,0.778755,0.0628293,16.5237,0.337675,
3.25,3000,1000,284.551,23.3051,281.284,20.9631,368.071,28.977,5.55086,4.65086,1.91586,2.06112,1.37987,1.54047,15.8514,1.29221,
3.25,3000,3000,299.294,13.0798,298.192,10.272,338.869,12.0895,0.862332,0.151167,2.80623,4.1037,0.734726,0.112411,15.3029,0.487283,
3.25,3000,5000,331.723,9.40803,323.356,9.30872,346.445,9.55335,0.829312,0.0968003,0.918989,0.123088,0.654034,0.0554933,16.823,0.522934,
3.25,3000,7000,224.195,12.5018,204.221,13.3816,292.32,12.3593,1.18928,0.466029,0.809505,0.132238,0.735955,0.126124,17.1852,0.768483,
3.25,5000,1000,307.784,20.3754,259.8,17.5567,377.796,26.6217,0.826629,0.254411,1.07862,0.406976,3.27414,3.0311,15.8019,0.817004,
3.25,5000,3000,281.757,10.4698,296.204,10.7595,368.79,13.6551,0.691057,0.0842189,0.667807,0.069832,0.860801,0.261254,16.0628,0.601503,
3.25,5000,5000,310.022,8.40689,327.381,9.63226,359.112,10.8527,1.18153,0.288861,1.07494,0.210255,0.727843,0.0990605,16.6379,0.427002,
3.25,5000,7000,243.033,11.8252,229.89,11.4975,342.657,16.8065,4.18065,0.911442,5.56692,3.30415,2.78849,3.86924,17.5277,0.809971,
3.25,7000,1000,226.11,87.2294,230.903,55.1621,671.233,235.417,4.98718,3.98561,5.695,2.86657,1.71084,2.13269,17.9913,2.99828,
3.25,7000,3000,244.348,15.9434,243.421,14.2786,474.648,36.6344,1.07772,0.428998,2.2546,3.80839,3.02337,3.44606,17.6133,1.0823,
3.25,7000,5000,262.858,15.8508,274.633,14.4539,548.432,33.4852,2.17054,3.77037,1.98114,1.96329,1.54263,1.12226,17.6803,0.757783,
3.25,7000,7000,258.034,28.6982,238.298,22.7602,619.112,97.4955,1.62028,1.62587,1.49765,1.28786,1.27255,1.0456,16.5514,2.63821,
3.75,1000,1000,278.581,9.24412,267.73,8.31273,378.722,13.002,0.921926,0.130018,0.715918,0.0594788,0.803175,0.144031,15.4131,0.408939,
3.75,1000,3000,302.297,5.22154,292.307,4.99693,345.326,6.08466,0.934833,0.0738183,1.0351,0.0967805,0.588955,0.0336389,17.3837,0.286659,
3.75,1000,5000,315.088,3.99497,313.808,3.92942,330.132,4.27493,0.956098,0.0619932,0.925054,0.05468,0.659226,0.0289271,16.9852,0.218523,
3.75,1000,7000,221.594,5.27559,221.883,5.8112,275.681,6.00761,0.837602,0.0660654,0.815169,0.0601784,0.723704,0.0553684,18.6652,0.370859,
3.75,3000,1000,300.563,27.2467,315.473,21.5918,365.432,31.1773,1.43516,1.02101,1.14412,0.533942,0.779365,0.352226,16.5873,1.41773,
3.75,3000,3000,290.782,10.887,310.068,11.7129,332.774,11.2997,0.973048,0.209586,1.06648,0.253598,0.665059,0.104167,17.0924,0.666911,
3.75,3000,5000,295.303,8.15601,299.876,7.58446,333.304,8.48483,0.949287,0.135572,0.812617,0.106797,1.1362,0.25249,17.3907,0.504318,
3.75,3000,7000,218.862,10.5586,214.055,10.0088,288.55,14.1696,1.11966,0.397005,1.14827,0.340022,0.837483,0.157217,19.8509,0.951096,
3.75,5000,1000,245.267,17.0963,270.046,19.0047,334.613,36.6317,0.923629,0.297035,1.02704,0.356606,0.568248,0.214021,15.4506,1.06986,
3.75,5000,3000,283.627,10.1008,277.5,9.00915,341.709,13.9672,0.848457,0.151981,0.878888,0.144619,0.621257,0.0961813,17.0266,0.536918,
3.75,5000,5000,308.985,9.3523,312.482,9.71995,355.922,10.0271,0.911051,0.129247,0.959607,0.148664,0.708281,0.0747182,17.0828,0.434104,
3.75,5000,7000,230.721,12.981,237.785,11.5599,293.166,17.6837,1.3575,0.713457,1.23255,0.537734,1.29464,0.667905,16.6999,0.774048,
3.75,7000,1000,206.457,39.7214,214.406,34.7301,545.138,179.102,2.67493,3.62394,2.99914,3.18051,3.63186,2.83386,13.3648,2.00299,
3.75,7000,3000,265.025,21.0617,247.069,16.3366,621.011,75.6973,1.42924,1.00031,5.50026,2.94043,2.42247,2.33582,19.4257,1.37703,
3.75,7000,5000,240.599,14.0379,245.568,14.334,473.303,25.2206,1.1763,0.464267,1.37195,0.76061,1.42416,0.914269,18.8529,0.992305,
3.75,7000,7000,266.791,29.9524,261.3,22.4798,660.326,84.2112,1.48416,1.16776,1.30618,0.9379,1.04872,0.843935,17.2032,1.26984,
4.25,1000,1000,287.228,9.34575,258.062,7.32193,323.281,12.9707,0.737376,0.0823984,0.875583,0.106931,0.903327,0.189403,17.3522,0.543061,
4.25,1000,3000,288.473,4.7968,278.763,4.63798,345.795,6.17101,0.838569,0.0551533,0.838813,0.0591543,0.64437,0.0426456,18.1791,0.317526,
4.25,1000,5000,314.369,3.98651,311.478,3.68276,307.18,3.52419,0.849624,0.0431143,0.92184,0.0543864,0.614328,0.0240543,17.8154,0.231237,
4.25,1000,7000,222.43,5.05386,221.142,5.07675,264.598,5.91202,0.746747,0.0474235,1.15419,0.164051,0.583172,0.0366193,19.6385,0.406372,
4.25,3000,1000,291.223,21.1532,298.886,22.7279,347.133,24.5086,1.02699,0.433276,1.21191,0.668114,1.99349,2.68454,18.09,1.32807,
4.25,3000,3000,284.51,10.6352,292.893,12.0086,351.607,13.1743,0.827469,0.143489,1.08554,0.279151,0.716434,0.114857,17.8406,0.670644,
4.25,3000,5000,310.54,8.83653,330.394,8.79685,325.429,8.77944,0.72706,0.0712597,1.0687,0.205409,0.704871,0.0708611,17.7103,0.509184,
4.25,3000,7000,239.023,12.3883,220.134,14.2063,276.778,14.4426,1.03137,0.329948,0.868621,0.203151,1.16018,0.451847,18.5287,0.912956,
4.25,5000,1000,274.021,21.4371,245.455,16.6613,328.354,24.1623,1.0799,0.575854,5.89436,4.87727,0.907226,0.741348,17.5694,1.26011,
4.25,5000,3000,264.15,9.26069,268.244,9.46696,330.311,11.7452,0.884533,0.173545,0.974414,0.212427,0.560594,0.0855058,18.2048,0.70295,
4.25,5000,5000,287.891,8.91677,283.728,8.94854,350.768,10.6298,0.739911,0.0790997,1.22738,0.305799,0.797197,0.117824,18.1257,0.478493,
4.25,5000,7000,249.268,13.6848,264.091,12.4227,308.293,15.4774,1.19035,0.403212,0.889524,0.177012,0.782359,0.178825,18.9067,0.937157,
4.25,7000,1000,235.41,29.6875,199.374,35.5996,590.809,174.243,5.4866,5.00375,2.02249,3.86023,0.520211,0.387623,18.5968,2.96176,
4.25,7000,3000,222.037,21.3548,242.026,19.3935,564.028,63.9969,5.69828,3.79469,1.29236,0.744915,0.978456,0.527583,20.5381,1.57748,
4.25,7000,5000,265.006,14.6133,237.981,14.2993,560.256,36.9977,1.60202,1.06933,1.17453,0.48837,2.36318,3.56211,18.4842,1.01845,
4.25,7000,7000,271.297,32.5028,197.709,19.0709,668.095,84.7023,3.76413,4.33887,1.20763,0.745784,1.99022,3.47945,16.9946,2.28542,
4.75,1000,1000,265.393,8.69647,268.141,7.80325,342.49,13.1085,0.888811,0.120859,0.906995,0.128994,0.852039,0.223383,19.2904,0.626717,
4.75,1000,3000,278.767,4.53498,289.487,4.7944,327.554,5.40001,0.887666,0.0635975,0.889552,0.0612356,0.598175,0.0354851,18.7716,0.308369,
4.75,1000,5000,310.865,3.90489,308.841,3.73813,308.777,3.71513,0.95348,0.0611486,0.915686,0.0524195,0.647057,0.0307173,19.258,0.252414,
4.75,1000,7000,223.379,5.45239,204.958,5.3313,270.815,5.47274,0.816644,0.0609167,1.09366,0.130562,0.74,0.0644311,19.3181,0.382744,
4.75,3000,1000,239.724,16.9108,310.161,24.753,376.923,32.4041,1.02906,0.448056,1.18942,0.666188,1.11241,0.986957,17.4637,1.14357,
4.75,3000,3000,299.199,12.1037,292.66,10.5622,324.04,10.7204,0.778918,0.128322,0.959736,0.215371,0.582208,0.0691584,17.6259,0.573316,
4.75,3000,5000,315.016,9.70914,305.081,7.73116,319.176,8.51473,0.742617,0.06982,0.673949,0.058044,0.674145,0.0566388,18.7679,0.574779,
4.75,3000,7000,202.36,9.67897,196.207,9.52498,258.065,10.8111,1.09361,0.361205,1.51584,0.883811,0.937644,0.220287,19.8669,0.936752,
4.75,5000,1000,233.626,15.1075,255.44,21.4164,335.806,24.1918,1.67775,1.70629,2.73684,3.18291,0.908235,0.649125,20.1952,1.54956,
4.75,5000,3000,266.194,9.93788,259.042,9.2504,328.551,12.8779,1.15432,0.379736,0.768048,0.106628,0.897294,0.269421,19.3274,0.667879,
4.75,5000,5000,309.332,8.55456,304.119,9.86458,347.684,10.8283,0.755809,0.0830415,0.762707,0.0871302,0.602315,0.0543484,19.3722,0.591451,
4.75,5000,7000,242.846,10.9572,256.777,12.3045,352.456,16.8615,1.24661,0.468364,1.14936,0.388524,0.893108,0.246496,21.7239,1.02579,
4.75,7000,1000,300.579,84.715,217.521,51.9539,5509.44,4495.49,1.7115,3.13923,2.45689,3.98769,1.57481,1.95367,19.8834,4.5123,
4.75,7000,3000,243.915,19.1743,234.946,17.391,422.104,41.9732,1.09527,0.520985,2.78358,3.07532,4.43166,4.36556,17.4129,1.36488,
4.75,7000,5000,251.553,12.5576,289.432,20.2031,519.072,29.7303,2.22988,3.71596,0.932325,0.227657,0.948782,0.275767,19.3855,0.8261,
4.75,7000,7000,269.581,28.0564,289.353,33.5508,539.047,61.2228,1.57799,1.57392,5.37707,4.4353,4.71233,2.84962,20.6311,2.19776,
5.25,1000,1000,244.532,6.87026,247.569,6.94436,367.651,10.9016,0.869958,0.111798,0.922721,0.117782,0.725186,0.120231,18.8109,0.562726,
5.25,1000,3000,269.946,4.21186,277.242,4.98431,335.363,6.4525,0.780622,0.0477408,1.07971,0.116139,0.635918,0.0362262,19.962,0.314161,
5.25,1000,5000,306.817,3.92394,306.613,4.01292,307.598,3.41259,0.852178,0.0453477,1.03048,0.074637,0.643559,0.0273869,20.0087,0.243668,
5.25,1000,7000,208.176,5.0117,218.696,5.14076,258.779,5.09816,0.792483,0.0545237,1.19962,0.178407,0.654234,0.049365,21.0111,0.41183,
5.25,3000,1000,312.019,28.3421,252.657,22.0678,399.12,35.6594,0.938959,0.34573,1.46284,1.06984,1.29884,2.51034,19.9003,1.43809,
5.25,3000,3000,286.949,10.4222,279.143,9.74446,339.524,11.1067,1.09304,0.283275,1.12252,0.299956,0.681923,0.0971488,17.8118,0.730813,
5.25,3000,5000,317.053,8.78653,291.244,8.49266,335.145,9.72968,0.770645,0.0784025,1.1102,0.221799,0.751961,0.0793204,20.1658,0.559846,
5.25,3000,7000,216.706,9.93956,208.067,10.6409,277.18,14.4025,2.86786,3.91838,1.38425,0.658171,1.04492,0.291672,21.7781,1.0802,
5.25,5000,1000,241.827,17.5939,289.833,26.0781,336.304,28.2904,1.14179,0.506365,1.36218,0.851026,0.613057,0.278855,20.3515,1.69441,
5.25,5000,3000,256.751,8.87977,255.224,9.00856,321.615,12.7528,0.73087,0.102398,4.28315,3.27473,0.82319,0.186085,20.0229,0.718931,
5.25,5000,5000,300.693,7.99944,281.785,8.73,334.417,8.09987,0.712716,0.0673138,1.13619,0.236314,0.795475,0.0962371,19.6272,0.550558,
5.25,5000,7000,240.844,9.34586,234.961,9.28976,309.409,12.8702,1.3862,0.704621,1.24743,0.444399,0.922954,0.248131,20.815,0.815791,
5.25,7000,1000,305.297,104.784,229.49,43.0146,933.197,404.856,5.27849,4.47536,1.75839,3.05262,0.653103,0.66882,20.0038,6.11472,
5.25,7000,3000,221.263,20.5021,253.062,21.3696,470.072,45.2098,1.47709,1.17428,1.23863,0.785647,2.30614,2.51022,19.8586,1.61708,
5.25,7000,5000,270.434,16.6621,266.591,14.7948,523.979,24.6895,1.26129,0.665032,1.07231,0.362305,1.07435,0.412811,21.8048,1.10758,
5.25,7000,7000,273.516,24.4062,262.873,21.6457,676.915,74.8439,1.27555,0.858918,0.952987,0.349556,0.770485,0.29546,23.4378,2.77169,
5.75,1000,1000,265.475,7.76612,266.737,7.55016,343.521,10.0035,0.856162,0.107124,0.98512,0.149304,1.08496,0.320342,20.1066,0.580646,
5.75,1000,3000,268.843,4.72943,266.677,4.1625,320.699,5.25117,0.895872,0.0615608,0.947391,0.0749188,0.603243,0.035126,20.5527,0.362398,
5.75,1000,5000,302.603,3.99337,297.237,4.09354,300.741,3.5867,0.933749,0.0568777,1.11409,0.0908607,0.672371,0.0313123,21.0256,0.279018,
5.75,1000,7000,207.248,4.63371,208.766,4.93116,262.457,5.16572,0.829472,0.0614911,0.948927,0.0876644,0.564155,0.0344066,21.3276,0.436817,
5.75,3000,1000,237.778,22.5623,272.912,19.6468,322.732,18.6318,0.885436,0.257242,1.1359,0.51621,3.42932,2.47019,20.923,1.24758,
5.75,3000,3000,260.39,9.58686,267.443,11.1949,337.951,11.3072,0.810565,0.129581,0.929781,0.188255,0.739396,0.126366,21.2817,0.767979,
5.75,3000,5000,290.585,7.76651,297.317,7.63082,308.443,9.046,0.819137,0.0955253,0.827292,0.0983181,0.869186,0.120896,19.9338,0.495039,
5.75,3000,7000,191.946,9.64819,191.876,11.0751,247.898,11.9456,0.982249,0.286266,1.05146,0.324501,0.931363,0.231628,23.3614,1.36062,
5.75,5000,1000,236.075,15.7379,219.517,20.5407,316.896,27.5484,3.89571,2.80988,1.60312,1.30852,0.928201,0.760339,19.9884,1.3757,
5.75,5000,3000,279.587,13.0335,268.015,11.3375,320.484,12.6647,1.29722,0.499569,1.17759,0.343755,0.886851,0.243204,21.494,0.833566,
5.75,5000,5000,285.399,8.1819,294.802,8.20217,332.386,8.39684,0.876356,0.121288,0.81277,0.0869695,0.719452,0.0799037,20.1202,0.500537,
5.75,5000,7000,243.111,15.8252,245.549,12.6437,307.404,16.1067,1.10392,0.367965,1.07301,0.319421,0.946429,0.258607,22.3791,1.13699,
5.75,7000,1000,281.887,56.273,198.404,59.2005,4541.59,4416.01,1.88776,3.48959,2.25861,3.39083,3.43181,3.21886,24.8764,3.7375,
5.75,7000,3000,251.825,18.7354,215.263,13.5246,536.016,50.3753,1.37409,0.961819,1.40122,0.967732,1.06569,0.706786,21.1028,1.62141,
5.75,7000,5000,219.217,15.0304,258.889,13.3636,567.727,37.7235,1.01374,0.33057,1.10427,0.436927,1.17623,0.585846,23.2111,1.17206,
5.75,7000,7000,224.796,25.424,284.169,26.4244,584.668,66.0476,2.48415,3.28791,5.23325,4.66119,1.31341,1.23933,23.0632,3.08808,
6.25,1000,1000,271.543,7.62667,263.779,8.22088,325.132,9.6719,0.838007,0.103083,0.974866,0.146988,0.639981,0.0973634,21.2576,0.634113,
6.25,1000,3000,271.875,4.78611,267.47,4.4604,310.326,5.46947,0.921962,0.0711606,1.08945,0.112873,0.6858,0.0496073,21.3663,0.356035,
6.25,1000,5000,303.858,4.05834,300.389,4.18483,305.28,3.84965,0.911261,0.054931,0.965733,0.061255,0.629024,0.0269345,22.3321,0.283247,
6.25,1000,7000,212.434,4.8248,215.691,4.95897,249.176,4.79055,0.993225,0.110313,0.902319,0.079449,0.698948,0.0485597,23.4841,0.50685,
6.25,3000,1000,255.824,16.7612,252.411,18.966,375.713,29.1521,1.34274,0.946321,0.901836,0.268911,1.35312,1.45638,20.2881,1.55196,
6.25,3000,3000,266.144,10.1625,271.001,9.50891,322.751,11.6791,0.737237,0.104897,0.892589,0.186686,0.808022,0.116332,21.6366,0.783743,
6.25,3000,5000,297.846,8.15847,301.556,8.78656,302.157,8.06763,1.05462,0.181569,0.931912,0.14012,0.845753,0.106085,20.8374,0.643345,
6.25,3000,7000,201.225,12.9161,197.609,10.3911,252.566,11.3649,0.914907,0.199466,0.922427,0.213291,1.95432,1.74163,22.4222,0.924595,
6.25,5000,1000,246.428,19.1333,235.367,18.6296,324.999,26.6365,1.12928,0.498083,1.05465,0.385017,3.30284,3.03213,17.6499,1.07075,
6.25,5000,3000,239.325,8.59103,260.579,9.73393,278.942,10.3344,0.925113,0.183305,0.713462,0.0863164,0.687122,0.126503,19.7619,0.718254,
6.25,5000,5000,281.938,8.50414,292.41,9.23612,352.776,10.4222,0.863919,0.110469,1.05472,0.205647,0.796107,0.0970287,21.8132,0.59956,
6.25,5000,7000,244.966,15.251,244.403,11.3093,311.839,14.3218,1.06665,0.338259,0.918522,0.197015,1.44105,0.844246,23.3409,0.894764,
6.25,7000,1000,218.377,45.0311,248.583,53.4361,746.037,340.898,5.39369,4.83173,1.46101,1.69494,2.20399,2.50171,28.5236,6.31197,
6.25,7000,3000,220.709,16.3639,196.344,14.9713,684.156,133.712,5.24868,4.02637,2.85195,3.0115,1.11723,0.928948,20.3734,1.90996,
6.25,7000,5000,235.663,11.5046,250.305,14.0559,607.82,42.761,1.00874,0.297053,1.00609,0.26001,0.692434,0.170496,23.9647,1.11959,
6.25,7000,7000,217.922,19.6918,196.702,17.6717,708.908,97.2104,3.28288,2.97292,2.42155,3.45902,2.66509,3.1489,22.5392,2.36651,
