energy,z,rho,px,spx,py,spy,pz,spz,dtheta,sdtheta,emean,eres,
0.75,1000,1000,673.627,22.9155,588.127,17.6224,766.278,23.0943,0.798296,0.033904,71.1684,15.4673,
0.75,1000,3000,681.896,13.0683,661.862,11.7458,781.933,13.923,0.723375,0.0128237,70.1783,15.7634,
0.75,1000,5000,714.502,11.4109,692.593,10.8398,717.394,10.1343,0.726496,0.00911561,72.4832,15.2315,
0.75,1000,7000,635.177,9.61476,662.917,9.5476,617.242,8.52442,0.746591,0.0101038,72.6633,15.5786,
0.75,1000,9000,0,0,0,0,0,0,0,0,0,0,
0.75,3000,1000,566.694,47.0867,563.881,52.313,783.022,70.5078,1.14576,0.261497,73.0125,16.2774,
0.75,3000,3000,570.367,24.1392,613.774,23.8062,749.22,33.1963,0.722167,0.0389157,71.3937,16.3659,
0.75,3000,5000,690.745,20.5985,731.097,22.8578,791.009,25.5647,0.722074,0.0239702,71.6418,15.1872,
0.75,3000,7000,701.983,20.4526,691.146,18.98,873.68,28.0325,0.718435,0.0223997,72.2809,15.6334,
0.75,3000,9000,0,0,0,0,0,0,0,0,0,0,
0.75,5000,1000,586.608,65.172,631.061,79.3028,928.923,95.736,1.08898,0.234959,73.2057,16.3773,
0.75,5000,3000,587.121,28.3668,662.164,29.3698,717.029,35.4759,0.707199,0.0415204,71.6787,17.1238,
0.75,5000,5000,732.802,26.2014,665.596,22.1574,809.652,28.1022,0.734736,0.0236028,72.3129,16.0604,
0.75,5000,7000,733.098,22.1082,806.718,26.2025,1066.05,66.1421,0.72169,0.0222977,72.9465,15.3153,
0.75,5000,9000,0,0,0,0,0,0,0,0,0,0,
0.75,7000,1000,511.637,51.2567,535.926,53.7493,510.928,44.3387,1.19681,0.362156,73.4744,16.5406,
0.75,7000,3000,568.118,31.1125,634.075,34.0246,532.199,25.2361,0.853434,0.0550083,73.4866,16.359,
0.75,7000,5000,600.898,27.352,714.327,29.0783,574.351,19.1688,0.742875,0.0307188,73.4498,16.3996,
0.75,7000,7000,692.963,35.5708,746.495,31.3776,516.498,17.2148,0.710858,0.0229171,74.5315,15.9039,
0.75,7000,9000,0,0,0,0,0,0,0,0,0,0,
0.75,9000,1000,0,0,0,0,0,0,0,0,0,0,
0.75,9000,3000,0,0,0,0,0,0,0,0,0,0,
0.75,9000,5000,0,0,0,0,0,0,0,0,0,0,
0.75,9000,7000,0,0,0,0,0,0,0,0,0,0,
0.75,9000,9000,0,0,0,0,0,0,0,0,0,0,
1.25,1000,1000,469.739,13.1014,475.802,13.1541,641.696,19.1313,0.743975,0.0241579,117.621,18.7765,
1.25,1000,3000,469.396,7.19077,485.925,8.19371,576.088,9.36046,0.728981,0.013166,117.706,20.0008,
1.25,1000,5000,503.489,6.58255,522.146,6.87806,550.874,6.81072,0.702464,0.00858025,119.362,19.268,
1.25,1000,7000,472.646,6.5524,473.265,6.55059,462.122,5.21461,0.707655,0.00787777,120.043,19.6339,
1.25,1000,9000,0,0,0,0,0,0,0,0,0,0,
1.25,3000,1000,446.865,26.7278,403.378,28.0709,536.728,44.6781,1.1152,0.193565,115.716,19.6664,
1.25,3000,3000,432.244,14.4863,426.727,15.1723,519.316,19.395,0.834501,0.0441527,117.877,19.7239,
1.25,3000,5000,467.246,14.0744,458.664,13.3962,523.573,16.3811,0.808298,0.0337435,118.333,18.6767,
1.25,3000,7000,533.504,15.9069,540.429,18.9744,576.086,17.1435,0.784438,0.0258819,119.294,18.904,
1.25,3000,9000,0,0,0,0,0,0,0,0,0,0,
1.25,5000,1000,437.124,34.5886,375.897,27.794,472.525,39.9795,1.01365,0.196132,119.225,18.6741,
1.25,5000,3000,423.776,14.9135,472.617,18.8761,516.935,22.583,0.738168,0.0392134,117.843,20.6808,
1.25,5000,5000,548.771,19.7917,478.78,16.9021,571.519,22.3152,0.828051,0.0361809,118.486,20.6728,
1.25,5000,7000,575.172,19.3437,637.215,20.8482,953,37.7463,0.752668,0.0233818,120.534,19.8923,
1.25,5000,9000,0,0,0,0,0,0,0,0,0,0,
1.25,7000,1000,420.464,45.7664,372.678,38.397,409.834,39.2045,1.29884,0.443742,115.622,19.9078,
1.25,7000,3000,412.183,18.9401,412.578,22.7644,470.189,24.6224,0.783471,0.0500554,118.986,19.0336,
1.25,7000,5000,511.964,18.552,469.511,17.5222,476.07,17.1958,0.700931,0.0269528,120.97,20.9284,
1.25,7000,7000,453.148,18.209,371.485,13.6297,440.73,19.0526,0.744122,0.0254356,121.131,18.9936,
1.25,7000,9000,0,0,0,0,0,0,0,0,0,0,
1.25,9000,1000,0,0,0,0,0,0,0,0,0,0,
1.25,9000,3000,0,0,0,0,0,0,0,0,0,0,
1.25,9000,5000,0,0,0,0,0,0,0,0,0,0,
1.25,9000,7000,0,0,0,0,0,0,0,0,0,0,
1.25,9000,9000,0,0,0,0,0,0,0,0,0,0,
1.75,1000,1000,395.521,13.4104,379.394,10.9298,519.249,13.765,0.743375,0.027212,164.92,21.9319,
1.75,1000,3000,395.172,5.85097,386.381,6.02743,484.604,7.20958,0.717207,0.0126557,167.422,21.9777,
1.75,1000,5000,424.155,5.07087,407.592,4.91092,457.457,5.61093,0.710986,0.00851952,169.43,22.8809,
1.75,1000,7000,397.844,5.59212,402.25,5.23869,389.092,4.62785,0.704113,0.00809741,170.891,23.6989,
1.75,1000,9000,0,0,0,0,0,0,0,0,0,0,
1.75,3000,1000,365.439,24.4601,423.077,33.2187,469.291,35.1333,0.911964,0.169369,163.497,22.3944,
1.75,3000,3000,396.691,14.6088,374.018,14.4386,446.235,14.72,0.762703,0.0451173,166.364,20.8894,
1.75,3000,5000,424.543,12.024,410.132,10.1903,456.355,11.811,0.766788,0.0303536,168.523,23.4207,
1.75,3000,7000,425.577,12.3146,435.148,13.6039,422.114,10.2207,0.701101,0.0205411,169.491,23.2575,
1.75,3000,9000,0,0,0,0,0,0,0,0,0,0,
1.75,5000,1000,345.389,22.3001,375.807,25.7109,435.646,35.1421,1.09039,0.189601,166.116,21.5688,
1.75,5000,3000,418.073,14.294,381.489,12.9724,415.418,15.7948,0.75877,0.0419213,169.677,22.3443,
1.75,5000,5000,420.182,12.4728,414.33,11.3549,444.047,14.2828,0.694641,0.0234342,172.767,23.1424,
1.75,5000,7000,473.242,13.365,480.36,18.8772,526.024,24.6208,0.737033,0.0225537,171.065,23.6102,
1.75,5000,9000,0,0,0,0,0,0,0,0,0,0,
1.75,7000,1000,307.158,26.0741,263.544,27.3816,485.438,45.1068,1.24394,0.390472,168.288,27.0099,
1.75,7000,3000,337.449,13.0359,339.997,13.1143,392.041,16.7224,0.807516,0.0540827,169.811,24.0276,
1.75,7000,5000,348.496,11.7279,370.187,13.946,421.654,13.7727,0.73322,0.0297019,171.886,22.7774,
1.75,7000,7000,378.372,11.5813,357.756,14.5876,392.131,14.234,0.762938,0.0289766,170.441,21.6075,
1.75,7000,9000,0,0,0,0,0,0,0,0,0,0,
1.75,9000,1000,0,0,0,0,0,0,0,0,0,0,
1.75,9000,3000,0,0,0,0,0,0,0,0,0,0,
1.75,9000,5000,0,0,0,0,0,0,0,0,0,0,
1.75,9000,7000,0,0,0,0,0,0,0,0,0,0,
1.75,9000,9000,0,0,0,0,0,0,0,0,0,0,
2.25,1000,1000,338.164,9.14487,351.652,9.42238,424.732,10.5217,0.722726,0.0247875,215.724,24.7744,
2.25,1000,3000,364.124,5.30102,346.941,5.12629,426.811,6.37568,0.731928,0.0135657,218.082,26.1317,
2.25,1000,5000,372.348,4.35692,371.188,4.3899,400.239,4.43722,0.724194,0.00936825,220.726,25.9346,
2.25,1000,7000,365.419,4.63334,362.872,4.88381,349.372,3.95472,0.719626,0.0089557,221.733,26.6245,
2.25,1000,9000,0,0,0,0,0,0,0,0,0,0,
2.25,3000,1000,348.781,28.1834,320.392,22.4833,417.881,34.4283,1.69313,0.70146,215.093,25.2492,
2.25,3000,3000,362.356,12.9121,361.437,12.0255,379.31,12.7358,0.722767,0.0387357,216.145,25.791,
2.25,3000,5000,387.699,10.057,337.917,8.95923,402.273,10.5224,0.740219,0.0244846,220.781,25.9923,
2.25,3000,7000,391.646,10.4542,370.964,10.28,393.235,9.00975,0.737675,0.0233824,221.409,26.5839,
2.25,3000,9000,0,0,0,0,0,0,0,0,0,0,
2.25,5000,1000,350.249,22.6849,338.479,27.4157,362.751,33.0742,1.19079,0.279207,215.742,22.7949,
2.25,5000,3000,342.806,11.0244,330.581,10.0737,360.29,12.2998,0.830883,0.0440863,219.179,26.6923,
2.25,5000,5000,353.332,10.333,379.004,8.951,389.855,10.8931,0.696553,0.021773,221.933,25.5904,
2.25,5000,7000,416.779,12.571,387.241,9.97672,431.343,15.1961,0.743468,0.0225436,222.883,25.5425,
2.25,5000,9000,0,0,0,0,0,0,0,0,0,0,
2.25,7000,1000,238.814,21.0475,321.515,21.3541,366.08,33.7997,1.21462,0.272448,220.693,28.3894,
2.25,7000,3000,304.428,10.9642,292.221,11.4626,360.724,12.9719,0.871961,0.0551876,222.434,27.1926,
2.25,7000,5000,324.003,9.18766,328.711,10.9328,356.729,11.8828,0.808283,0.0369361,223.051,26.2082,
2.25,7000,7000,355.035,10.9363,345.128,11.4857,344.625,12.6045,0.722104,0.0261808,222.204,26.9227,
2.25,7000,9000,0,0,0,0,0,0,0,0,0,0,
2.25,9000,1000,0,0,0,0,0,0,0,0,0,0,
2.25,9000,3000,0,0,0,0,0,0,0,0,0,0,
2.25,9000,5000,0,0,0,0,0,0,0,0,0,0,
2.25,9000,7000,0,0,0,0,0,0,0,0,0,0,
2.25,9000,9000,0,0,0,0,0,0,0,0,0,0,
2.75,1000,1000,328.863,8.63342,321.734,7.72943,417.231,12.3235,0.750744,0.0313559,267.034,27.6347,
2.75,1000,3000,310.766,4.7281,331.436,4.83863,388.743,5.31969,0.761111,0.0144454,267.947,27.4952,
2.75,1000,5000,335.686,3.53726,337.98,3.77739,361.341,3.75961,0.70384,0.00886232,273.059,28.7516,
2.75,1000,7000,344.361,4.33485,354.858,4.35676,322.644,3.73697,0.696883,0.00814902,274.301,30.2337,
2.75,1000,9000,0,0,0,0,0,0,0,0,0,0,
2.75,3000,1000,317.916,19.8385,265.487,23.2216,365.994,27.9269,1.02133,0.205633,262.784,28.4193,
2.75,3000,3000,329.077,11.0587,308.782,11.0115,349.386,12.0423,0.793467,0.0472443,267.173,26.7293,
2.75,3000,5000,318.865,7.32856,350.703,9.67177,384.464,10.46,0.744061,0.0259171,273.332,30.3517,
2.75,3000,7000,336.348,9.41288,355.321,10.1571,358.703,8.98205,0.77501,0.0258489,273.571,29.5384,
2.75,3000,9000,0,0,0,0,0,0,0,0,0,0,
2.75,5000,1000,283.539,18.2682,294.504,16.6818,323.266,22.0462,0.993077,0.17004,267.367,27.8984,
2.75,5000,3000,307.175,9.3719,311.956,10.3082,303.045,10.8734,0.761695,0.037737,271.605,28.7061,
2.75,5000,5000,329.756,8.63418,316.943,7.57852,334.531,8.11587,0.721292,0.0235877,275.843,28.1466,
2.75,5000,7000,385.583,10.1962,367.699,12.6531,360.894,9.77121,0.740108,0.0233877,275.663,28.8355,
2.75,5000,9000,0,0,0,0,0,0,0,0,0,0,
2.75,7000,1000,268.607,23.3784,272.057,26.9084,321.113,27.8967,1.12842,0.259839,270.934,28.2836,
2.75,7000,3000,300.459,11.8329,270.348,11.5788,317.246,12.9566,0.793313,0.049384,272.69,30.2698,
2.75,7000,5000,283.129,8.00927,288.744,9.146,329.088,9.73864,0.749476,0.0295543,276.009,29.5813,
2.75,7000,7000,314.177,9.21672,316.617,10.0031,313.646,9.71747,0.75229,0.0278547,273.44,30.1984,
2.75,7000,9000,0,0,0,0,0,0,0,0,0,0,
2.75,9000,1000,0,0,0,0,0,0,0,0,0,0,
2.75,9000,3000,0,0,0,0,0,0,0,0,0,0,
2.75,9000,5000,0,0,0,0,0,0,0,0,0,0,
2.75,9000,7000,0,0,0,0,0,0,0,0,0,0,
2.75,9000,9000,0,0,0,0,0,0,0,0,0,0,
3.25,1000,1000,301.029,8.92644,284.999,7.48416,397.089,10.9728,0.736194,0.0251291,319.459,31.2645,
3.25,1000,3000,295.033,4.29175,305.795,4.4187,366.687,4.93314,0.708407,0.0120923,319.786,31.3906,
3.25,1000,5000,325.587,3.67029,313.285,3.77231,345.524,3.79191,0.683657,0.00789035,325.587,31.6166,
3.25,1000,7000,328.607,4.14845,335.659,4.2283,300.376,3.40343,0.72494,0.00922254,326.724,32.5362,
3.25,1000,9000,0,0,0,0,0,0,0,0,0,0,
3.25,3000,1000,290.12,20.4834,316.81,25.1284,329.438,22.3936,1.17842,0.23316,312.216,32.7755,
3.25,3000,3000,312.686,12.4559,303.569,11.5495,327.697,13.6483,0.729754,0.0412444,315.606,30.1675,
3.25,3000,5000,319.623,8.792,321.245,8.50277,354.363,9.68471,0.827714,0.032196,325.033,30.5588,
3.25,3000,7000,336.439,9.2592,347.357,8.27563,322.547,8.26008,0.70206,0.0201673,325.41,31.0743,
3.25,3000,9000,0,0,0,0,0,0,0,0,0,0,
3.25,5000,1000,278.628,17.5408,229.925,15.135,287.558,20.4074,1.01691,0.19266,319.788,32.9794,
3.25,5000,3000,304.436,10.7591,303.872,10.084,320.771,11.7744,0.755761,0.0444645,322.663,30.4754,
3.25,5000,5000,320.864,8.83715,308.179,8.48425,309.699,7.69264,0.769771,0.0268994,326.079,30.819,
3.25,5000,7000,360.07,9.85777,322.442,9.37621,312.872,8.52141,0.706842,0.022831,331.634,31.3325,
3.25,5000,9000,0,0,0,0,0,0,0,0,0,0,
3.25,7000,1000,243.965,16.7881,269.882,19.8093,329.905,24.7604,1.03047,0.208317,322.853,30.3002,
3.25,7000,3000,270.993,11.7158,250.167,9.42088,309.659,12.0344,0.733052,0.0452766,324.658,32.3996,
3.25,7000,5000,282.02,8.73061,272.205,7.03294,293.82,8.70305,0.736691,0.0267218,326.496,30.9237,
3.25,7000,7000,290.318,7.71695,298.252,7.84594,299.493,8.14535,0.74806,0.0269524,329.747,33.7616,
3.25,7000,9000,0,0,0,0,0,0,0,0,0,0,
3.25,9000,1000,0,0,0,0,0,0,0,0,0,0,
3.25,9000,3000,0,0,0,0,0,0,0,0,0,0,
3.25,9000,5000,0,0,0,0,0,0,0,0,0,0,
3.25,9000,7000,0,0,0,0,0,0,0,0,0,0,
3.25,9000,9000,0,0,0,0,0,0,0,0,0,0,
3.75,1000,1000,274.032,6.38896,279.492,7.52338,360.747,10.1373,0.718722,0.0232365,366.28,31.0418,
3.75,1000,3000,287.751,4.28647,288.786,4.03548,353.299,4.81352,0.720235,0.0123575,369.571,33.2074,
3.75,1000,5000,301.041,3.5114,301.344,3.64172,328.692,3.61593,0.692993,0.00822213,375.613,34.485,
3.75,1000,7000,322.97,3.80854,323.659,3.87992,282.949,3.32692,0.731784,0.0090441,378.68,34.9459,
3.75,1000,9000,0,0,0,0,0,0,0,0,0,0,
3.75,3000,1000,251.281,14.86,280.686,20.7293,341.408,28.4969,0.971539,0.192168,367.056,30.2005,
3.75,3000,3000,271.903,9.53344,291.723,10.096,335.444,13.3357,0.752586,0.0388025,367.468,33.7942,
3.75,3000,5000,306.319,8.45935,310.762,7.71763,320.059,8.10425,0.714239,0.0247051,374.465,33.9876,
3.75,3000,7000,322.4,8.02731,319.292,8.5554,306.6,8.05823,0.746421,0.0242131,376.88,34.6088,
3.75,3000,9000,0,0,0,0,0,0,0,0,0,0,
3.75,5000,1000,277.124,18.3539,268.465,17.8112,258.128,17.6768,1.33871,0.411363,372.2,35.0794,
3.75,5000,3000,281.44,9.67594,282.626,8.71518,294.324,11.3546,0.64645,0.0340578,373.65,34.1851,
3.75,5000,5000,305.108,8.36915,291.807,7.41277,270.393,6.28004,0.750825,0.0269031,378.853,32.6134,
3.75,5000,7000,346.065,9.62105,337.84,8.74645,290.69,7.00373,0.722785,0.0228172,383.465,33.3763,
3.75,5000,9000,0,0,0,0,0,0,0,0,0,0,
3.75,7000,1000,244.042,20.4257,198.027,15.1715,287.327,19.2169,1.00995,0.191816,375.759,38.3759,
3.75,7000,3000,220.961,8.13696,262.26,10.4119,304.177,11.8262,0.83942,0.053674,374.587,36.448,
3.75,7000,5000,274.277,8.53264,271.632,7.22661,274.302,7.80341,0.72,0.026064,381.167,35.2415,
3.75,7000,7000,294.74,8.73823,267.777,6.37651,313.289,8.57549,0.713034,0.0233764,380.186,36.8968,
3.75,7000,9000,0,0,0,0,0,0,0,0,0,0,
3.75,9000,1000,0,0,0,0,0,0,0,0,0,0,
3.75,9000,3000,0,0,0,0,0,0,0,0,0,0,
3.75,9000,5000,0,0,0,0,0,0,0,0,0,0,
3.75,9000,7000,0,0,0,0,0,0,0,0,0,0,
3.75,9000,9000,0,0,0,0,0,0,0,0,0,0,
4.25,1000,1000,266.856,6.60614,264.572,7.72297,357.495,9.25522,0.774452,0.0299832,418.989,35.8153,
4.25,1000,3000,271.056,3.64987,280.742,4.00916,337.438,5.16074,0.715147,0.0115401,421.617,36.987,
4.25,1000,5000,296.886,3.30132,298.046,3.32342,317.752,3.55136,0.715367,0.00886278,428.791,36.5246,
4.25,1000,7000,310.149,3.65929,320.817,3.9647,279.099,3.16961,0.697816,0.00770509,431.172,37.828,
4.25,1000,9000,0,0,0,0,0,0,0,0,0,0,
4.25,3000,1000,309.211,18.908,272.813,17.6573,310.124,22.3897,1.02858,0.205718,423.764,35.6917,
4.25,3000,3000,288.463,10.3904,290.786,10.7067,326.984,12.3518,0.714161,0.0418096,419.733,36.9856,
4.25,3000,5000,313.013,8.48257,293.704,7.06835,306.92,7.67156,0.780636,0.029164,427.238,37.3468,
4.25,3000,7000,331.914,8.52885,312.088,8.88181,294.465,7.75466,0.720957,0.0208248,431.981,36.9076,
4.25,3000,9000,0,0,0,0,0,0,0,0,0,0,
4.25,5000,1000,288.788,20.615,271.681,15.6955,288.753,18.1711,1.12385,0.253205,425.515,34.1655,
4.25,5000,3000,277.456,9.13635,279.168,9.1712,249.662,7.56778,0.764308,0.0425997,427.207,35.8146,
4.25,5000,5000,290.212,7.64038,284.413,7.2295,274.465,6.78752,0.740328,0.0255999,433.776,35.7358,
4.25,5000,7000,311.56,8.04231,310.989,8.57497,269.872,6.66426,0.715543,0.0217555,432.982,38.9152,
4.25,5000,9000,0,0,0,0,0,0,0,0,0,0,
4.25,7000,1000,192.046,13.8232,224.173,16.5553,260.037,16.6569,1.61996,0.644325,425.204,39.0262,
4.25,7000,3000,229.42,8.17208,226.161,8.05571,259.241,10.1617,0.736322,0.0419436,425.77,37.9052,
4.25,7000,5000,256.808,6.95909,271.659,7.40404,256.506,7.49069,0.769425,0.0300663,431.862,36.6165,
4.25,7000,7000,279.347,8.15931,274.232,7.85475,286.497,8.34807,0.725122,0.0264926,433.83,36.9914,
4.25,7000,9000,0,0,0,0,0,0,0,0,0,0,
4.25,9000,1000,0,0,0,0,0,0,0,0,0,0,
4.25,9000,3000,0,0,0,0,0,0,0,0,0,0,
4.25,9000,5000,0,0,0,0,0,0,0,0,0,0,
4.25,9000,7000,0,0,0,0,0,0,0,0,0,0,
4.25,9000,9000,0,0,0,0,0,0,0,0,0,0,
4.75,1000,1000,253.321,6.10364,250.232,6.23834,338.554,8.96731,0.725203,0.0247187,469.886,37.6053,
4.75,1000,3000,260.525,3.85003,261.469,3.7208,333.901,4.68506,0.694521,0.0110834,471.802,38.5186,
4.75,1000,5000,285.178,3.21632,287.068,3.08336,304.475,3.43152,0.718121,0.00949018,481.335,39.4757,
4.75,1000,7000,300.43,3.63305,315.819,3.76876,270.856,3.01395,0.695423,0.00766472,482.944,40.1918,
4.75,1000,9000,0,0,0,0,0,0,0,0,0,0,
4.75,3000,1000,274.979,18.4634,235.211,15.0296,323.578,23.454,0.907116,0.178526,471.745,36.8814,
4.75,3000,3000,259.627,8.25783,243.332,7.67626,318.856,12.8243,0.763273,0.0361461,471.917,38.6089,
4.75,3000,5000,306.49,7.7006,278.247,6.45042,303.135,7.65986,0.746792,0.0270637,478.412,37.8152,
4.75,3000,7000,308.074,6.44855,309.609,8.58402,288.699,7.99667,0.710821,0.0207248,481.739,41.2907,
4.75,3000,9000,0,0,0,0,0,0,0,0,0,0,
4.75,5000,1000,273.235,20.2236,224.406,14.1696,267.96,21.5978,1.33426,0.396658,478.682,36.6327,
4.75,5000,3000,261.869,8.93777,261.089,8.46972,257.476,8.59011,0.744264,0.0427877,476.31,37.793,
4.75,5000,5000,275.888,6.4911,281.344,7.26645,268.806,7.47044,0.710011,0.0216601,481.293,37.7543,
4.75,5000,7000,299.429,7.12585,304.599,6.9825,257.472,6.76537,0.696573,0.0201428,485.822,40.4659,
4.75,5000,9000,0,0,0,0,0,0,0,0,0,0,
4.75,7000,1000,225.619,14.1501,214.596,17.4119,298.876,29.7301,1.15401,0.263436,484.373,45.4886,
4.75,7000,3000,219.482,8.63084,231.932,7.63971,264.153,9.6412,0.787639,0.0490424,482.129,40.1372,
4.75,7000,5000,249.988,7.19259,253.599,7.73247,261.521,7.15355,0.699448,0.0283948,485.795,42.2436,
4.75,7000,7000,272.529,7.9913,252.677,7.31156,280.913,8.81856,0.708389,0.0240167,488.224,41.6936,
4.75,7000,9000,0,0,0,0,0,0,0,0,0,0,
4.75,9000,1000,0,0,0,0,0,0,0,0,0,0,
4.75,9000,3000,0,0,0,0,0,0,0,0,0,0,
4.75,9000,5000,0,0,0,0,0,0,0,0,0,0,
4.75,9000,7000,0,0,0,0,0,0,0,0,0,0,
4.75,9000,9000,0,0,0,0,0,0,0,0,0,0,
5.25,1000,1000,243.812,6.75905,239.622,5.89303,335.332,9.80054,0.743222,0.0285983,521.451,38.5409,
5.25,1000,3000,246.467,3.71096,253.712,3.36424,321.992,4.66371,0.712104,0.0119119,523.333,40.9905,
5.25,1000,5000,282.762,3.24013,281.324,3.17078,296.615,3.32987,0.677819,0.00756566,531.708,40.7444,
5.25,1000,7000,314.291,3.70306,302.63,3.72068,257.744,3.11383,0.727632,0.00915998,536.572,42.3386,
5.25,1000,9000,0,0,0,0,0,0,0,0,0,0,
5.25,3000,1000,278.225,16.9317,235.367,16.5139,288.983,23.6331,1.02846,0.190954,518.295,35.9983,
5.25,3000,3000,271.745,10.436,257.033,9.01916,302.066,12.9295,0.704073,0.0334152,522.288,42.1506,
5.25,3000,5000,271.124,6.64732,292.464,7.9872,296.363,7.64765,0.779841,0.0290405,529.896,39.4458,
5.25,3000,7000,302.065,8.29512,311.144,7.3113,256.311,6.59161,0.801522,0.0265267,536.773,43.3848,
5.25,3000,9000,0,0,0,0,0,0,0,0,0,0,
5.25,5000,1000,263.588,18.6909,232.754,15.996,272.39,15.231,0.944759,0.136819,524.299,42.1666,
5.25,5000,3000,253.03,7.88333,242.963,7.51478,254.024,8.13233,0.717759,0.0402246,526.667,40.7832,
5.25,5000,5000,275.708,7.3167,260.451,6.09545,255.306,6.05419,0.768791,0.0264276,536.675,41.9036,
5.25,5000,7000,307.836,7.08224,306.615,8.57716,247.233,6.20948,0.745637,0.0222905,537.423,43.0989,
5.25,5000,9000,0,0,0,0,0,0,0,0,0,0,
5.25,7000,1000,268.01,25.5889,213.871,16.171,263.471,19.6521,1.05415,0.242687,527.553,45.5265,
5.25,7000,3000,241.527,8.41565,229.961,8.33648,244.418,8.97931,0.800218,0.0446616,535.58,42.6857,
5.25,7000,5000,248.866,6.52443,242.184,6.56764,249.449,7.35692,0.770593,0.0364826,540.009,44.2471,
5.25,7000,7000,264.756,6.55471,261.762,6.63723,272.319,7.56633,0.758561,0.0267186,540.641,43.4966,
5.25,7000,9000,0,0,0,0,0,0,0,0,0,0,
5.25,9000,1000,0,0,0,0,0,0,0,0,0,0,
5.25,9000,3000,0,0,0,0,0,0,0,0,0,0,
5.25,9000,5000,0,0,0,0,0,0,0,0,0,0,
5.25,9000,7000,0,0,0,0,0,0,0,0,0,0,
5.25,9000,9000,0,0,0,0,0,0,0,0,0,0,
5.75,1000,1000,232.688,6.33846,245.977,6.9696,312.578,8.81184,0.733389,0.027913,572.989,42.2119,
5.75,1000,3000,244.259,3.39012,250.036,3.64231,314.499,4.5184,0.693087,0.0107004,574.98,42.206,
5.75,1000,5000,266.759,2.74279,266.929,2.90437,282.819,3.14483,0.680187,0.00803632,583.493,43.3812,
5.75,1000,7000,305.122,3.45954,295.494,3.54991,254.949,3.0875,0.751059,0.0103505,586.452,44.7143,
5.75,1000,9000,0,0,0,0,0,0,0,0,0,0,
5.75,3000,1000,231.645,13.5502,244.789,18.2613,313.085,23.4683,1.06647,0.209242,566.151,40.3641,
5.75,3000,3000,233.829,7.20346,244.437,8.04392,314.82,11.6145,0.775226,0.0395954,572.189,42.7924,
5.75,3000,5000,275.303,6.53513,272.995,6.87134,275.986,7.80321,0.693113,0.0234589,583.494,41.6284,
5.75,3000,7000,302.681,8.11277,300.731,8.35353,260.957,6.45746,0.760722,0.0259368,586.845,46.533,
5.75,3000,9000,0,0,0,0,0,0,0,0,0,0,
5.75,5000,1000,220.016,14.5483,234.897,17.449,234.472,15.534,1.00773,0.18432,578.266,44.5852,
5.75,5000,3000,231.398,7.40044,254.585,8.61882,237.047,7.32073,0.784666,0.0420699,577.418,42.8055,
5.75,5000,5000,271.819,6.93188,269.721,7.769,224.239,6.3928,0.78939,0.0303185,585.36,41.5836,
5.75,5000,7000,292.692,8.49432,283.111,7.7595,233.326,6.4671,0.759831,0.0229401,591.404,46.2863,
5.75,5000,9000,0,0,0,0,0,0,0,0,0,0,
5.75,7000,1000,227.848,16.0626,216.604,12.2319,272.667,24.9721,1.30211,0.406132,579.175,43.7663,
5.75,7000,3000,236.182,8.04478,222.421,7.08652,226.189,9.31482,0.831938,0.0566443,583.929,42.3006,
5.75,7000,5000,243.165,6.32543,236.341,6.92778,257.588,6.53681,0.718076,0.0263397,594.584,42.9536,
5.75,7000,7000,264.412,6.10833,250.471,6.53566,257.914,6.4389,0.708539,0.0234284,592.438,45.8767,
5.75,7000,9000,0,0,0,0,0,0,0,0,0,0,
5.75,9000,1000,0,0,0,0,0,0,0,0,0,0,
5.75,9000,3000,0,0,0,0,0,0,0,0,0,0,
5.75,9000,5000,0,0,0,0,0,0,0,0,0,0,
5.75,9000,7000,0,0,0,0,0,0,0,0,0,0,
5.75,9000,9000,0,0,0,0,0,0,0,0,0,0,
6.25,1000,1000,223.694,5.76371,231.521,6.87966,298.678,7.62831,0.740062,0.0277509,621.814,45.0471,
6.25,1000,3000,241.036,3.59797,238.672,3.48154,297.234,4.25718,0.724471,0.0123623,623.991,46.4694,
6.25,1000,5000,267.073,2.88861,264.897,2.79827,284.777,3.08793,0.708111,0.00857651,632.735,45.9759,
6.25,1000,7000,294.318,3.36397,298.006,3.5002,248.84,2.89068,0.728036,0.0091544,639.916,46.8081,
6.25,1000,9000,0,0,0,0,0,0,0,0,0,0,
6.25,3000,1000,210.404,13.2033,213.915,13.0503,281.81,19.6356,1.17899,0.312696,618.058,43.06,
6.25,3000,3000,267.912,7.91516,231.802,7.35447,288.771,9.56072,0.727103,0.0362914,621.015,42.4565,
6.25,3000,5000,282.741,7.21926,269.029,6.43746,279.318,7.97846,0.741421,0.0250157,634.948,43.4991,
6.25,3000,7000,297.254,7.52031,305.186,7.58223,240.36,5.85638,0.733344,0.0212887,638.674,45.7355,
6.25,3000,9000,0,0,0,0,0,0,0,0,0,0,
6.25,5000,1000,196.432,16.3193,213.405,16.5205,245.865,15.8518,1.09864,0.241175,629.028,48.026,
6.25,5000,3000,249.476,7.82774,238.36,7.9187,236.928,7.82644,0.678351,0.0305519,634.106,39.354,
6.25,5000,5000,269.532,6.80257,261.805,5.70525,242.355,6.17645,0.770323,0.028119,638.586,44.9331,
6.25,5000,7000,295.743,6.58408,291.578,6.99975,224.416,5.7766,0.732959,0.0218522,642.961,45.5905,
6.25,5000,9000,0,0,0,0,0,0,0,0,0,0,
6.25,7000,1000,198.691,18.2596,220.088,13.3498,245.778,21.7288,1.1736,0.316482,632.16,46.1625,
6.25,7000,3000,218.078,7.57606,224.877,8.07311,228.997,8.56823,0.922265,0.0695605,642.313,44.0816,
6.25,7000,5000,232.223,6.67305,240.745,6.65093,245.598,7.99426,0.764671,0.0302332,643.526,47.712,
6.25,7000,7000,251.872,6.74454,260.167,7.34322,249.102,6.96911,0.749184,0.026204,639.727,48.8074,
6.25,7000,9000,0,0,0,0,0,0,0,0,0,0,
6.25,9000,1000,0,0,0,0,0,0,0,0,0,0,
6.25,9000,3000,0,0,0,0,0,0,0,0,0,0,
6.25,9000,5000,0,0,0,0,0,0,0,0,0,0,
6.25,9000,7000,0,0,0,0,0,0,0,0,0,0,
6.25,9000,9000,0,0,0,0,0,0,0,0,0,0,
